Category;Account Name;Year;Month_Date;Month_Label;Rate;Budget_COP;Budget_GBP;;;
Management Fees;Management fees control A/c;2025;1/07/2025;Jul-25;5511.924758;-2025881381;-367545.1806;;;
Management Fees;Trailer fees control a/c;2025;1/07/2025;Jul-25;5511.924758;0;0;;;
Management Fees;Management fees control A/c;2025;1/08/2025;Aug-25;5429.910456;-2029797445;-373817.8485;;;
Management Fees;Management fees control A/c;2025;1/09/2025;Sep-25;5271.941977;-2068920044;-392439.8359;;;
Management Fees;Management fees control A/c;2025;1/10/2025;Oct-25;5072.249224;-2072914821;-408677.6358;;;
Management Fees;Management fees control A/c;2025;1/11/2025;Nov-25;4956.255189;-2076949545;-419056.2161;;;
Management Fees;Management fees control A/c;2025;1/12/2025;Dec-25;5081.087795;-2081024617;-409562.8143;;;
Management Fees;Management fees control A/c;2026;1/01/2026;Jan-26;5035.526334;-1922339558;-381755.4374;;;
Management Fees;Management fees control A/c;2026;1/02/2026;Feb-26;5048.813055;-1926496539;-381574.1478;;;
Management Fees;Management fees control A/c;2026;1/03/2026;Mar-26;4824.463939;-1930695089;-400188.5212;;;
Management Fees;Management fees control A/c;2026;1/04/2026;Apr-26;4932.639076;-1934935625;-392271.8843;;;
Management Fees;Management fees control A/c;2026;1/05/2026;May-26;4932.639076;-1939218566;-393140.1703;;;
Management Fees;Management fees control A/c;2026;1/06/2026;Jun-26;4932.639076;-1943544337;-394017.1392;;;
Management Fees;Trailer fees control a/c;2025;1/08/2025;Aug-25;5429.910456;0;0;;;
Management Fees;Trailer fees control a/c;2025;1/09/2025;Sep-25;5271.941977;0;0;;;
Management Fees;Trailer fees control a/c;2025;1/10/2025;Oct-25;5072.249224;0;0;;;
Management Fees;Trailer fees control a/c;2025;1/11/2025;Nov-25;4956.255189;0;0;;;
Management Fees;Trailer fees control a/c;2025;1/12/2025;Dec-25;5081.087795;0;0;;;
Management Fees;Trailer fees control a/c;2026;1/01/2026;Jan-26;5035.526334;0;0;;;
Management Fees;Trailer fees control a/c;2026;1/02/2026;Feb-26;5048.813055;0;0;;;
Management Fees;Trailer fees control a/c;2026;1/03/2026;Mar-26;4824.463939;0;0;;;
Management Fees;Trailer fees control a/c;2026;1/04/2026;Apr-26;4932.639076;0;0;;;
Management Fees;Trailer fees control a/c;2026;1/05/2026;May-26;4932.639076;0;0;;;
Management Fees;Trailer fees control a/c;2026;1/06/2026;Jun-26;4932.639076;0;0;;;
Management Fees;Distribution Costs Control Account;2025;1/07/2025;Jul-25;5511.924758;14258604.1;2586.864793;;;
Management Fees;Distribution Costs Control Account;2025;1/08/2025;Aug-25;5429.910456;14258604.1;2625.937244;;;
Management Fees;Distribution Costs Control Account;2025;1/09/2025;Sep-25;5271.941977;14258604.1;2704.620833;;;
Management Fees;Distribution Costs Control Account;2025;1/10/2025;Oct-25;5072.249224;14258604.1;2811.100849;;;
Management Fees;Distribution Costs Control Account;2025;1/11/2025;Nov-25;4956.255189;14258604.1;2876.890628;;;
Management Fees;Distribution Costs Control Account;2025;1/12/2025;Dec-25;5081.087795;14258604.1;2806.210929;;;
Management Fees;Distribution Costs Control Account;2026;1/01/2026;Jan-26;5035.526334;14258604.1;2831.601536;;;
Management Fees;Distribution Costs Control Account;2026;1/02/2026;Feb-26;5048.813055;14258604.1;2824.149745;;;
Management Fees;Distribution Costs Control Account;2026;1/03/2026;Mar-26;4824.463939;14258604.1;2955.479465;;;
Management Fees;Distribution Costs Control Account;2026;1/04/2026;Apr-26;4932.639076;14258604.1;2890.664385;;;
Management Fees;Distribution Costs Control Account;2026;1/05/2026;May-26;4932.639076;14258604.1;2890.664385;;;
Management Fees;Distribution Costs Control Account;2026;1/06/2026;Jun-26;4932.639076;14258604.1;2890.664385;;;
Management Fees;I/CO distribution fees receive;2025;1/07/2025;Jul-25;5511.924758;-49046195.15;-8898.197508;;;
Management Fees;I/CO distribution fees receive;2025;1/08/2025;Aug-25;5429.910456;-49536657.1;-9122.923388;;;
Management Fees;I/CO distribution fees receive;2025;1/09/2025;Sep-25;5271.941977;-50032023.67;-9490.245509;;;
Management Fees;I/CO distribution fees receive;2025;1/10/2025;Oct-25;5072.249224;-50532343.91;-9962.512028;;;
Management Fees;I/CO distribution fees receive;2025;1/11/2025;Nov-25;4956.255189;-51037667.35;-10297.62702;;;
Management Fees;I/CO distribution fees receive;2025;1/12/2025;Dec-25;5081.087795;-51548044.02;-10145.08036;;;
Management Fees;I/CO distribution fees receive;2026;1/01/2026;Jan-26;5035.526334;-52063524.46;-10339.24182;;;
Management Fees;I/CO distribution fees receive;2026;1/02/2026;Feb-26;5048.813055;-52584159.7;-10415.15286;;;
Management Fees;I/CO distribution fees receive;2026;1/03/2026;Mar-26;4824.463939;-53110001.3;-11008.47721;;;
Management Fees;I/CO distribution fees receive;2026;1/04/2026;Apr-26;4932.639076;-53641101.31;-10874.72659;;;
Management Fees;I/CO distribution fees receive;2026;1/05/2026;May-26;4932.639076;-54177512.33;-10983.47385;;;
Management Fees;I/CO distribution fees receive;2026;1/06/2026;Jun-26;4932.639076;-54719287.45;-11093.30859;;;
Management Fees;I/CO adv fees receive;2025;1/07/2025;Jul-25;5511.924758;-100224833.6;-18183.27317;;;
Management Fees;I/CO adv fees receive;2025;1/08/2025;Aug-25;5429.910456;-101227081.9;-18642.49562;;;
Management Fees;I/CO adv fees receive;2025;1/09/2025;Sep-25;5271.941977;-102239352.7;-19393.11039;;;
Management Fees;I/CO adv fees receive;2025;1/10/2025;Oct-25;5072.249224;-103261746.2;-20358.17675;;;
Management Fees;I/CO adv fees receive;2025;1/11/2025;Nov-25;4956.255189;-104294363.7;-21042.97695;;;
Management Fees;I/CO adv fees receive;2025;1/12/2025;Dec-25;5081.087795;-105337307.3;-20731.25118;;;
Management Fees;I/CO adv fees receive;2026;1/01/2026;Jan-26;5035.526334;-106390680.4;-21128.0159;;;
Management Fees;I/CO adv fees receive;2026;1/02/2026;Feb-26;5048.813055;-107454587.2;-21283.13844;;;
Management Fees;I/CO adv fees receive;2026;1/03/2026;Mar-26;4824.463939;-108529133.1;-22495.58385;;;
Management Fees;I/CO adv fees receive;2026;1/04/2026;Apr-26;4932.639076;-109614424.4;-22222.26738;;;
Management Fees;I/CO adv fees receive;2026;1/05/2026;May-26;4932.639076;-110710568.7;-22444.49005;;;
Management Fees;I/CO adv fees receive;2026;1/06/2026;Jun-26;4932.639076;-111817674.4;-22668.93495;;;
Management Fees;I/CO advisory fees pay;2025;1/07/2025;Jul-25;5511.924758;26551256.94;4817.057217;;;
Management Fees;I/CO advisory fees pay;2025;1/08/2025;Aug-25;5429.910456;0;0;;;
Management Fees;I/CO advisory fees pay;2025;1/09/2025;Sep-25;5271.941977;0;0;;;
Management Fees;I/CO advisory fees pay;2025;1/10/2025;Oct-25;5072.249224;47200255.37;9305.586788;;;
Management Fees;I/CO advisory fees pay;2025;1/11/2025;Nov-25;4956.255189;0;0;;;
Management Fees;I/CO advisory fees pay;2025;1/12/2025;Dec-25;5081.087795;0;0;;;
Management Fees;I/CO advisory fees pay;2026;1/01/2026;Jan-26;5035.526334;47200255.37;9373.45021;;;
Management Fees;I/CO advisory fees pay;2026;1/02/2026;Feb-26;5048.813055;0;0;;;
Management Fees;I/CO advisory fees pay;2026;1/03/2026;Mar-26;4824.463939;0;0;;;
Management Fees;I/CO advisory fees pay;2026;1/04/2026;Apr-26;4932.639076;0;0;;;
Management Fees;I/CO advisory fees pay;2026;1/05/2026;May-26;4932.639076;0;0;;;
Management Fees;I/CO advisory fees pay;2026;1/06/2026;Jun-26;4932.639076;0;0;;;
Performance Fees;Performance fees control a/c;2025;1/07/2025;Jul-25;5511.924758;0;0;;;
Performance Fees;Performance fees control a/c;2025;1/08/2025;Aug-25;5429.910456;0;0;;;
Performance Fees;Performance fees control a/c;2025;1/09/2025;Sep-25;5271.941977;0;0;;;
Performance Fees;Performance fees control a/c;2025;1/10/2025;Oct-25;5072.249224;0;0;;;
Performance Fees;Performance fees control a/c;2025;1/11/2025;Nov-25;4956.255189;0;0;;;
Performance Fees;Performance fees control a/c;2025;1/12/2025;Dec-25;5081.087795;0;0;;;
Performance Fees;Performance fees control a/c;2026;1/01/2026;Jan-26;5035.526334;0;0;;;
Performance Fees;Performance fees control a/c;2026;1/02/2026;Feb-26;5048.813055;0;0;;;
Performance Fees;Performance fees control a/c;2026;1/03/2026;Mar-26;4824.463939;0;0;;;
Performance Fees;Performance fees control a/c;2026;1/04/2026;Apr-26;4932.639076;0;0;;;
Performance Fees;Performance fees control a/c;2026;1/05/2026;May-26;4932.639076;0;0;;;
Performance Fees;Performance fees control a/c;2026;1/06/2026;Jun-26;4932.639076;0;0;;;
Staff Costs;Salaries;2025;1/07/2025;Jul-25;5511.924758;518145230.2;94004.40916;;;
Staff Costs;Salaries;2025;1/08/2025;Aug-25;5429.910456;518145230.2;95424.26793;;;
Staff Costs;Salaries;2025;1/09/2025;Sep-25;5271.941977;518145230.2;98283.56087;;;
Staff Costs;Salaries;2025;1/10/2025;Oct-25;5072.249224;518145230.2;102152.9517;;;
Staff Costs;Salaries;2025;1/11/2025;Nov-25;4956.255189;541038678.5;109162.7969;;;
Staff Costs;Salaries;2025;1/12/2025;Dec-25;5081.087795;541038678.5;106480.8758;;;
Staff Costs;Salaries;2026;1/01/2026;Jan-26;5035.526334;511506266.5;101579.5038;;;
Staff Costs;Salaries;2026;1/02/2026;Feb-26;5048.813055;511506266.5;101312.1819;;;
Staff Costs;Salaries;2026;1/03/2026;Mar-26;4824.463939;511506266.5;106023.4407;;;
Staff Costs;Salaries;2026;1/04/2026;Apr-26;4932.639076;511506266.5;103698.2959;;;
Staff Costs;Salaries;2026;1/05/2026;May-26;4932.639076;511506266.5;103698.2959;;;
Staff Costs;Salaries;2026;1/06/2026;Jun-26;4932.639076;511506266.5;103698.2959;;;
Staff Costs;Pension Costs;2025;1/07/2025;Jul-25;5511.924758;26481513.97;4804.404111;;;
Staff Costs;Pension Costs;2025;1/08/2025;Aug-25;5429.910456;26481513.97;4876.970657;;;
Staff Costs;Pension Costs;2025;1/09/2025;Sep-25;5271.941977;26481513.97;5023.104216;;;
Staff Costs;Pension Costs;2025;1/10/2025;Oct-25;5072.249224;26481513.97;5220.862146;;;
Staff Costs;Pension Costs;2025;1/11/2025;Nov-25;4956.255189;26952645.4;5438.106871;;;
Staff Costs;Pension Costs;2025;1/12/2025;Dec-25;5081.087795;26952645.4;5304.502989;;;
Staff Costs;Pension Costs;2026;1/01/2026;Jan-26;5035.526334;26677350.34;5297.827589;;;
Staff Costs;Pension Costs;2026;1/02/2026;Feb-26;5048.813055;26677350.34;5283.885549;;;
Staff Costs;Pension Costs;2026;1/03/2026;Mar-26;4824.463939;26677350.34;5529.598868;;;
Staff Costs;Pension Costs;2026;1/04/2026;Apr-26;4932.639076;26677350.34;5408.332117;;;
Staff Costs;Pension Costs;2026;1/05/2026;May-26;4932.639076;26677350.34;5408.332117;;;
Staff Costs;Pension Costs;2026;1/06/2026;Jun-26;4932.639076;26677350.34;5408.332117;;;
Staff Costs;Medical Costs;2025;1/07/2025;Jul-25;5511.924758;30095559;5460.081609;;;
Staff Costs;Medical Costs;2025;1/08/2025;Aug-25;5429.910456;30095559;5542.551621;;;
Staff Costs;Medical Costs;2025;1/09/2025;Sep-25;5271.941977;30095559;5708.628648;;;
Staff Costs;Medical Costs;2025;1/10/2025;Oct-25;5072.249224;30095559;5933.375445;;;
Staff Costs;Medical Costs;2025;1/11/2025;Nov-25;4956.255189;31295127.71;6314.268841;;;
Staff Costs;Medical Costs;2025;1/12/2025;Dec-25;5081.087795;31295127.71;6159.139336;;;
Staff Costs;Medical Costs;2026;1/01/2026;Jan-26;5035.526334;31295127.71;6214.867252;;;
Staff Costs;Medical Costs;2026;1/02/2026;Feb-26;5048.813055;31295127.71;6198.511882;;;
Staff Costs;Medical Costs;2026;1/03/2026;Mar-26;4824.463939;31295127.71;6486.757514;;;
Staff Costs;Medical Costs;2026;1/04/2026;Apr-26;4932.639076;31295127.71;6344.499815;;;
Staff Costs;Medical Costs;2026;1/05/2026;May-26;4932.639076;31295127.71;6344.499816;;;
Staff Costs;Medical Costs;2026;1/06/2026;Jun-26;4932.639076;31295127.71;6344.499816;;;
Staff Costs;Other Personnel Costs;2025;1/07/2025;Jul-25;5511.924758;97814002.33;17745.88853;;;
Staff Costs;Other Personnel Costs;2025;1/08/2025;Aug-25;5429.910456;97814002.33;18013.92548;;;
Staff Costs;Other Personnel Costs;2025;1/09/2025;Sep-25;5271.941977;97814002.33;18553.69478;;;
Staff Costs;Other Personnel Costs;2025;1/10/2025;Oct-25;5072.249224;97814002.33;19284.14753;;;
Staff Costs;Other Personnel Costs;2025;1/11/2025;Nov-25;4956.255189;101881592.9;20556.16368;;;
Staff Costs;Other Personnel Costs;2025;1/12/2025;Dec-25;5081.087795;140881592.9;27726.65984;;;
Staff Costs;Other Personnel Costs;2026;1/01/2026;Jan-26;5035.526334;99309471.22;19721.76584;;;
Staff Costs;Other Personnel Costs;2026;1/02/2026;Feb-26;5048.813055;99309471.22;19669.865;;;
Staff Costs;Other Personnel Costs;2026;1/03/2026;Mar-26;4824.463939;99309471.22;20584.56079;;;
Staff Costs;Other Personnel Costs;2026;1/04/2026;Apr-26;4932.639076;99309471.22;20133.13151;;;
Staff Costs;Other Personnel Costs;2026;1/05/2026;May-26;4932.639076;99309471.22;20133.13151;;;
Staff Costs;Other Personnel Costs;2026;1/06/2026;Jun-26;4932.639076;99309471.22;20133.13151;;;
Staff Costs;Staff training costs;2025;1/07/2025;Jul-25;5511.924758;4163535.967;755.3687958;;;
Staff Costs;Staff training costs;2025;1/08/2025;Aug-25;5429.910456;4163535.967;766.778016;;;
Staff Costs;Staff training costs;2025;1/09/2025;Sep-25;5271.941977;4163535.967;789.7537539;;;
Staff Costs;Staff training costs;2025;1/10/2025;Oct-25;5072.249224;4163535.967;820.8460946;;;
Staff Costs;Staff training costs;2025;1/11/2025;Nov-25;4956.255189;4163535.967;840.0568188;;;
Staff Costs;Staff training costs;2025;1/12/2025;Dec-25;5081.087795;4163535.967;819.4182298;;;
Staff Costs;Staff training costs;2026;1/01/2026;Jan-26;5035.526334;4163535.967;826.8323291;;;
Staff Costs;Staff training costs;2026;1/02/2026;Feb-26;5048.813055;4163535.967;824.6563938;;;
Staff Costs;Staff training costs;2026;1/03/2026;Mar-26;4824.463939;4163535.967;863.0048891;;;
Staff Costs;Staff training costs;2026;1/04/2026;Apr-26;4932.639076;4163535.967;844.0787786;;;
Staff Costs;Staff training costs;2026;1/05/2026;May-26;4932.639076;4163535.967;844.0787787;;;
Staff Costs;Staff training costs;2026;1/06/2026;Jun-26;4932.639076;4163535.967;844.0787787;;;
Staff Costs;I/Co Staff Recharges;2025;1/07/2025;Jul-25;5511.924758;-21973431.97;-3986.526111;;;
Staff Costs;I/Co Staff Recharges;2025;1/08/2025;Aug-25;5429.910456;-21973431.97;-4046.739288;;;
Staff Costs;I/Co Staff Recharges;2025;1/09/2025;Sep-25;5271.941977;-21973431.97;-4167.995792;;;
Staff Costs;I/Co Staff Recharges;2025;1/10/2025;Oct-25;5072.249224;-21973431.97;-4332.088389;;;
Staff Costs;I/Co Staff Recharges;2025;1/11/2025;Nov-25;4956.255189;-22338761.3;-4507.185455;;;
Staff Costs;I/Co Staff Recharges;2025;1/12/2025;Dec-25;5081.087795;-22338761.3;-4396.452531;;;
Staff Costs;I/Co Staff Recharges;2026;1/01/2026;Jan-26;5035.526334;-22338761.3;-4436.231651;;;
Staff Costs;I/Co Staff Recharges;2026;1/02/2026;Feb-26;5048.813055;-22338761.3;-4424.557031;;;
Staff Costs;I/Co Staff Recharges;2026;1/03/2026;Mar-26;4824.463939;-22338761.3;-4630.309519;;;
Staff Costs;I/Co Staff Recharges;2026;1/04/2026;Apr-26;4932.639076;-22338761.3;-4528.764613;;;
Staff Costs;I/Co Staff Recharges;2026;1/05/2026;May-26;4932.639076;-22338761.3;-4528.764614;;;
Staff Costs;I/Co Staff Recharges;2026;1/06/2026;Jun-26;4932.639076;-22338761.3;-4528.764614;;;
Premises Costs;Commercial Rent;2025;1/07/2025;Jul-25;5511.924758;39553359.8;7175.961489;;;
Premises Costs;Commercial Rent;2025;1/08/2025;Aug-25;5429.910456;39553359.8;7284.348446;;;
Premises Costs;Commercial Rent;2025;1/09/2025;Sep-25;5271.941977;39553359.8;7502.616677;;;
Premises Costs;Commercial Rent;2025;1/10/2025;Oct-25;5072.249224;39553359.8;7797.992182;;;
Premises Costs;Commercial Rent;2025;1/11/2025;Nov-25;4956.255189;39553359.8;7980.492991;;;
Premises Costs;Commercial Rent;2025;1/12/2025;Dec-25;5081.087795;39553359.8;7784.427546;;;
Premises Costs;Commercial Rent;2026;1/01/2026;Jan-26;5035.526334;41623716.77;8266.01114;;;
Premises Costs;Commercial Rent;2026;1/02/2026;Feb-26;5048.813055;41242297.99;8168.711644;;;
Premises Costs;Commercial Rent;2026;1/03/2026;Mar-26;4824.463939;41347478.39;8570.377748;;;
Premises Costs;Commercial Rent;2026;1/04/2026;Apr-26;4932.639076;41331559.89;8379.198082;;;
Premises Costs;Commercial Rent;2026;1/05/2026;May-26;4932.639076;41315532.19;8375.948767;;;
Premises Costs;Commercial Rent;2026;1/06/2026;Jun-26;4932.639076;41299395.94;8372.677445;;;
Premises Costs;Utilities - Electricity;2025;1/07/2025;Jul-25;5511.924758;2101320.975;381.231796;;;
Premises Costs;Utilities - Electricity;2025;1/08/2025;Aug-25;5429.910456;2101320.975;386.9899866;;;
Premises Costs;Utilities - Electricity;2025;1/09/2025;Sep-25;5271.941977;2101320.975;398.5857553;;;
Premises Costs;Utilities - Electricity;2025;1/10/2025;Oct-25;5072.249224;2101320.975;414.277943;;;
Premises Costs;Utilities - Electricity;2025;1/11/2025;Nov-25;4956.255189;2101320.975;423.9735234;;;
Premises Costs;Utilities - Electricity;2025;1/12/2025;Dec-25;5081.087795;2101320.975;413.557305;;;
Premises Costs;Utilities - Electricity;2026;1/01/2026;Jan-26;5035.526334;2216893.629;440.2506276;;;
Premises Costs;Utilities - Electricity;2026;1/02/2026;Feb-26;5048.813055;2216893.629;439.092041;;;
Premises Costs;Utilities - Electricity;2026;1/03/2026;Mar-26;4824.463939;2216893.629;459.5108714;;;
Premises Costs;Utilities - Electricity;2026;1/04/2026;Apr-26;4932.639076;2216893.629;449.4335779;;;
Premises Costs;Utilities - Electricity;2026;1/05/2026;May-26;4932.639076;2216893.629;449.4335779;;;
Premises Costs;Utilities - Electricity;2026;1/06/2026;Jun-26;4932.639076;2216893.629;449.4335779;;;
Premises Costs;Sundry Premises Costs;2025;1/07/2025;Jul-25;5511.924758;14196420.23;2575.583095;;;
Premises Costs;Sundry Premises Costs;2025;1/08/2025;Aug-25;5429.910456;15209874.29;2801.128013;;;
Premises Costs;Sundry Premises Costs;2025;1/09/2025;Sep-25;5271.941977;13564295.23;2572.92195;;;
Premises Costs;Sundry Premises Costs;2025;1/10/2025;Oct-25;5072.249224;13564295.23;2674.217025;;;
Premises Costs;Sundry Premises Costs;2025;1/11/2025;Nov-25;4956.255189;14429874.29;2911.446998;;;
Premises Costs;Sundry Premises Costs;2025;1/12/2025;Dec-25;5081.087795;14555798.73;2864.701284;;;
Premises Costs;Sundry Premises Costs;2026;1/01/2026;Jan-26;5035.526334;14918061.38;2962.562479;;;
Premises Costs;Sundry Premises Costs;2026;1/02/2026;Feb-26;5048.813055;15975659.97;3164.240742;;;
Premises Costs;Sundry Premises Costs;2026;1/03/2026;Mar-26;4824.463939;14285936.38;2961.144815;;;
Premises Costs;Sundry Premises Costs;2026;1/04/2026;Apr-26;4932.639076;14285936.38;2896.205491;;;
Premises Costs;Sundry Premises Costs;2026;1/05/2026;May-26;4932.639076;15195659.97;3080.634876;;;
Premises Costs;Sundry Premises Costs;2026;1/06/2026;Jun-26;4932.639076;14285936.38;2896.205491;;;
Premises Costs;Stationery & Supplies;2025;1/07/2025;Jul-25;5511.924758;527241.1268;95.65463062;;;
Premises Costs;Stationery & Supplies;2025;1/08/2025;Aug-25;5429.910456;527241.1268;97.09941462;;;
Premises Costs;Stationery & Supplies;2025;1/09/2025;Sep-25;5271.941977;527241.1268;100.0089017;;;
Premises Costs;Stationery & Supplies;2025;1/10/2025;Oct-25;5072.249224;527241.1268;103.9462186;;;
Premises Costs;Stationery & Supplies;2025;1/11/2025;Nov-25;4956.255189;527241.1268;106.3789306;;;
Premises Costs;Stationery & Supplies;2025;1/12/2025;Dec-25;5081.087795;527241.1268;103.7654038;;;
Premises Costs;Stationery & Supplies;2026;1/01/2026;Jan-26;5035.526334;527241.1268;104.7042736;;;
Premises Costs;Stationery & Supplies;2026;1/02/2026;Feb-26;5048.813055;527241.1268;104.4287283;;;
Premises Costs;Stationery & Supplies;2026;1/03/2026;Mar-26;4824.463939;527241.1268;109.284914;;;
Premises Costs;Stationery & Supplies;2026;1/04/2026;Apr-26;4932.639076;527241.1268;106.8882435;;;
Premises Costs;Stationery & Supplies;2026;1/05/2026;May-26;4932.639076;527241.1268;106.8882435;;;
Premises Costs;Stationery & Supplies;2026;1/06/2026;Jun-26;4932.639076;527241.1268;106.8882435;;;
Travel, Promotion and Entertainment;Travel - Air Fares;2025;1/07/2025;Jul-25;5511.924758;6051803.333;1097.947378;;;
Travel, Promotion and Entertainment;Travel - Air Fares;2025;1/08/2025;Aug-25;5429.910456;6051803.333;1114.530964;;;
Travel, Promotion and Entertainment;Travel - Air Fares;2025;1/09/2025;Sep-25;5271.941977;6051803.333;1147.926772;;;
Travel, Promotion and Entertainment;Travel - Air Fares;2025;1/10/2025;Oct-25;5072.249224;6051803.333;1193.120264;;;
Travel, Promotion and Entertainment;Travel - Air Fares;2025;1/11/2025;Nov-25;4956.255189;6051803.333;1221.04353;;;
Travel, Promotion and Entertainment;Travel - Air Fares;2025;1/12/2025;Dec-25;5081.087795;6051803.333;1191.044827;;;
Travel, Promotion and Entertainment;Travel - Air Fares;2026;1/01/2026;Jan-26;5035.526334;6051803.333;1201.821405;;;
Travel, Promotion and Entertainment;Travel - Air Fares;2026;1/02/2026;Feb-26;5048.813055;6051803.333;1198.658629;;;
Travel, Promotion and Entertainment;Travel - Air Fares;2026;1/03/2026;Mar-26;4824.463939;6051803.333;1254.399123;;;
Travel, Promotion and Entertainment;Travel - Air Fares;2026;1/04/2026;Apr-26;4932.639076;6051803.333;1226.889549;;;
Travel, Promotion and Entertainment;Travel - Air Fares;2026;1/05/2026;May-26;4932.639076;6051803.333;1226.889549;;;
Travel, Promotion and Entertainment;Travel - Air Fares;2026;1/06/2026;Jun-26;4932.639076;6051803.333;1226.889549;;;
Travel, Promotion and Entertainment;Travel - Accommodation;2025;1/07/2025;Jul-25;5511.924758;4351479.167;789.4663584;;;
Travel, Promotion and Entertainment;Travel - Accommodation;2025;1/08/2025;Aug-25;5429.910456;4351479.167;801.3905941;;;
Travel, Promotion and Entertainment;Travel - Accommodation;2025;1/09/2025;Sep-25;5271.941977;4351479.167;825.4034634;;;
Travel, Promotion and Entertainment;Travel - Accommodation;2025;1/10/2025;Oct-25;5072.249224;4351479.167;857.8993212;;;
Travel, Promotion and Entertainment;Travel - Accommodation;2025;1/11/2025;Nov-25;4956.255189;4351479.167;877.9772229;;;
Travel, Promotion and Entertainment;Travel - Accommodation;2025;1/12/2025;Dec-25;5081.087795;4351479.167;856.4070022;;;
Travel, Promotion and Entertainment;Travel - Accommodation;2026;1/01/2026;Jan-26;5035.526334;4351479.167;864.1557761;;;
Travel, Promotion and Entertainment;Travel - Accommodation;2026;1/02/2026;Feb-26;5048.813055;4351479.167;861.8816184;;;
Travel, Promotion and Entertainment;Travel - Accommodation;2026;1/03/2026;Mar-26;4824.463939;4351479.167;901.9611757;;;
Travel, Promotion and Entertainment;Travel - Accommodation;2026;1/04/2026;Apr-26;4932.639076;4351479.167;882.1807352;;;
Travel, Promotion and Entertainment;Travel - Accommodation;2026;1/05/2026;May-26;4932.639076;4351479.167;882.1807352;;;
Travel, Promotion and Entertainment;Travel - Accommodation;2026;1/06/2026;Jun-26;4932.639076;4351479.167;882.1807352;;;
Travel, Promotion and Entertainment;Personal Subsistence;2025;1/07/2025;Jul-25;5511.924758;2429700;440.8079041;;;
Travel, Promotion and Entertainment;Personal Subsistence;2025;1/08/2025;Aug-25;5429.910456;2429700;447.4659425;;;
Travel, Promotion and Entertainment;Personal Subsistence;2025;1/09/2025;Sep-25;5271.941977;2429700;460.8738128;;;
Travel, Promotion and Entertainment;Personal Subsistence;2025;1/10/2025;Oct-25;5072.249224;2429700;479.0182604;;;
Travel, Promotion and Entertainment;Personal Subsistence;2025;1/11/2025;Nov-25;4956.255189;2429700;490.228995;;;
Travel, Promotion and Entertainment;Personal Subsistence;2025;1/12/2025;Dec-25;5081.087795;2429700;478.1850064;;;
Travel, Promotion and Entertainment;Personal Subsistence;2026;1/01/2026;Jan-26;5035.526334;2429700;482.5116262;;;
Travel, Promotion and Entertainment;Personal Subsistence;2026;1/02/2026;Feb-26;5048.813055;2429700;481.2418233;;;
Travel, Promotion and Entertainment;Personal Subsistence;2026;1/03/2026;Mar-26;4824.463939;2429700;503.6207195;;;
Travel, Promotion and Entertainment;Personal Subsistence;2026;1/04/2026;Apr-26;4932.639076;2429700;492.5760759;;;
Travel, Promotion and Entertainment;Personal Subsistence;2026;1/05/2026;May-26;4932.639076;2429700;492.5760759;;;
Travel, Promotion and Entertainment;Personal Subsistence;2026;1/06/2026;Jun-26;4932.639076;2429700;492.5760759;;;
Travel, Promotion and Entertainment;Public relations;2025;1/07/2025;Jul-25;5511.924758;5121936.062;929.2463679;;;
Travel, Promotion and Entertainment;Public relations;2025;1/08/2025;Aug-25;5429.910456;5121936.062;943.2818649;;;
Travel, Promotion and Entertainment;Public relations;2025;1/09/2025;Sep-25;5271.941977;5121936.062;971.5463645;;;
Travel, Promotion and Entertainment;Public relations;2025;1/10/2025;Oct-25;5072.249224;5121936.062;1009.795819;;;
Travel, Promotion and Entertainment;Public relations;2025;1/11/2025;Nov-25;4956.255189;5121936.062;1033.428641;;;
Travel, Promotion and Entertainment;Public relations;2025;1/12/2025;Dec-25;5081.087795;5121936.062;1008.039276;;;
Travel, Promotion and Entertainment;Public relations;2026;1/01/2026;Jan-26;5035.526334;5121936.062;1017.160019;;;
Travel, Promotion and Entertainment;Public relations;2026;1/02/2026;Feb-26;5048.813055;5121936.062;1014.483207;;;
Travel, Promotion and Entertainment;Public relations;2026;1/03/2026;Mar-26;4824.463939;5121936.062;1061.659104;;;
Travel, Promotion and Entertainment;Public relations;2026;1/04/2026;Apr-26;4932.639076;9033497.222;1831.372027;;;
Travel, Promotion and Entertainment;Public relations;2026;1/05/2026;May-26;4932.639076;5121936.062;1038.376411;;;
Travel, Promotion and Entertainment;Public relations;2026;1/06/2026;Jun-26;4932.639076;5121936.062;1038.376411;;;
Travel, Promotion and Entertainment;Marketing & Advertising;2025;1/07/2025;Jul-25;5511.924758;0;0;;;
Travel, Promotion and Entertainment;Marketing & Advertising;2025;1/08/2025;Aug-25;5429.910456;0;0;;;
Travel, Promotion and Entertainment;Marketing & Advertising;2025;1/09/2025;Sep-25;5271.941977;0;0;;;
Travel, Promotion and Entertainment;Marketing & Advertising;2025;1/10/2025;Oct-25;5072.249224;0;0;;;
Travel, Promotion and Entertainment;Marketing & Advertising;2025;1/11/2025;Nov-25;4956.255189;0;0;;;
Travel, Promotion and Entertainment;Marketing & Advertising;2025;1/12/2025;Dec-25;5081.087795;0;0;;;
Travel, Promotion and Entertainment;Marketing & Advertising;2026;1/01/2026;Jan-26;5035.526334;16166150;3210.419116;;;
Travel, Promotion and Entertainment;Marketing & Advertising;2026;1/02/2026;Feb-26;5048.813055;25865037.25;5122.993656;;;
Travel, Promotion and Entertainment;Marketing & Advertising;2026;1/03/2026;Mar-26;4824.463939;7179250;1488.092789;;;
Travel, Promotion and Entertainment;Marketing & Advertising;2026;1/04/2026;Apr-26;4932.639076;0;0;;;
Travel, Promotion and Entertainment;Marketing & Advertising;2026;1/05/2026;May-26;4932.639076;0;0;;;
Travel, Promotion and Entertainment;Marketing & Advertising;2026;1/06/2026;Jun-26;4932.639076;25372580.55;5143.814531;;;
IT and Communications;Telecommunications;2025;1/07/2025;Jul-25;5511.924758;3987069.631;723.3534212;;;
IT and Communications;Telecommunications;2025;1/08/2025;Aug-25;5429.910456;3987069.631;734.2790757;;;
IT and Communications;Telecommunications;2025;1/09/2025;Sep-25;5271.941977;3987069.631;756.2810154;;;
IT and Communications;Telecommunications;2025;1/10/2025;Oct-25;5072.249224;3987069.631;786.0555455;;;
IT and Communications;Telecommunications;2025;1/11/2025;Nov-25;4956.255189;3987069.631;804.4520468;;;
IT and Communications;Telecommunications;2025;1/12/2025;Dec-25;5081.087795;3987069.631;784.688199;;;
IT and Communications;Telecommunications;2026;1/01/2026;Jan-26;5035.526334;4166487.765;827.4185236;;;
IT and Communications;Telecommunications;2026;1/02/2026;Feb-26;5048.813055;4166487.765;825.2410457;;;
IT and Communications;Telecommunications;2026;1/03/2026;Mar-26;4824.463939;4166487.765;863.6167287;;;
IT and Communications;Telecommunications;2026;1/04/2026;Apr-26;4932.639076;4166487.765;844.6772002;;;
IT and Communications;Telecommunications;2026;1/05/2026;May-26;4932.639076;4166487.765;844.6772003;;;
IT and Communications;Telecommunications;2026;1/06/2026;Jun-26;4932.639076;4166487.765;844.6772003;;;
IT and Communications;IT support services;2025;1/07/2025;Jul-25;5511.924758;168572.95;30.58331842;;;
IT and Communications;IT support services;2025;1/08/2025;Aug-25;5429.910456;168572.95;31.04525413;;;
IT and Communications;IT support services;2025;1/09/2025;Sep-25;5271.941977;168572.95;31.97549418;;;
IT and Communications;IT support services;2025;1/10/2025;Oct-25;5072.249224;168572.95;33.23435867;;;
IT and Communications;IT support services;2025;1/11/2025;Nov-25;4956.255189;168572.95;34.01216111;;;
IT and Communications;IT support services;2025;1/12/2025;Dec-25;5081.087795;168572.95;33.17654738;;;
IT and Communications;IT support services;2026;1/01/2026;Jan-26;5035.526334;176158.7328;34.98318171;;;
IT and Communications;IT support services;2026;1/02/2026;Feb-26;5048.813055;176158.7328;34.89111814;;;
IT and Communications;IT support services;2026;1/03/2026;Mar-26;4824.463939;176158.7328;36.51363861;;;
IT and Communications;IT support services;2026;1/04/2026;Apr-26;4932.639076;176158.7328;35.71287703;;;
IT and Communications;IT support services;2026;1/05/2026;May-26;4932.639076;176158.7328;35.71287703;;;
IT and Communications;IT support services;2026;1/06/2026;Jun-26;4932.639076;176158.7328;35.71287703;;;
IT and Communications;IT consumables;2025;1/07/2025;Jul-25;5511.924758;3092899.55;561.1287682;;;
IT and Communications;IT consumables;2025;1/08/2025;Aug-25;5429.910456;3092899.55;569.6041537;;;
IT and Communications;IT consumables;2025;1/09/2025;Sep-25;5271.941977;3092899.55;586.6717736;;;
IT and Communications;IT consumables;2025;1/10/2025;Oct-25;5072.249224;3092899.55;609.7688448;;;
IT and Communications;IT consumables;2025;1/11/2025;Nov-25;4956.255189;3092899.55;624.039609;;;
IT and Communications;IT consumables;2025;1/12/2025;Dec-25;5081.087795;3092899.55;608.7081496;;;
IT and Communications;IT consumables;2026;1/01/2026;Jan-26;5035.526334;3232080.03;641.8554518;;;
IT and Communications;IT consumables;2026;1/02/2026;Feb-26;5048.813055;3232080.03;640.1663113;;;
IT and Communications;IT consumables;2026;1/03/2026;Mar-26;4824.463939;3232080.03;669.9355764;;;
IT and Communications;IT consumables;2026;1/04/2026;Apr-26;4932.639076;3232080.03;655.2435683;;;
IT and Communications;IT consumables;2026;1/05/2026;May-26;4932.639076;3232080.03;655.2435684;;;
IT and Communications;IT consumables;2026;1/06/2026;Jun-26;4932.639076;3232080.03;655.2435684;;;
IT and Communications;IT projects;2025;1/07/2025;Jul-25;5511.924758;8427361.8;1528.932663;;;
IT and Communications;IT projects;2025;1/08/2025;Aug-25;5429.910456;8427361.8;1552.025925;;;
IT and Communications;IT projects;2025;1/09/2025;Sep-25;5271.941977;8427361.8;1598.530833;;;
IT and Communications;IT projects;2025;1/10/2025;Oct-25;5072.249224;8427361.8;1661.464456;;;
IT and Communications;IT projects;2025;1/11/2025;Nov-25;4956.255189;8890866.699;1793.867822;;;
IT and Communications;IT projects;2025;1/12/2025;Dec-25;5081.087795;8890866.699;1749.795921;;;
IT and Communications;IT projects;2026;1/01/2026;Jan-26;5035.526334;8890866.699;1765.628081;;;
IT and Communications;IT projects;2026;1/02/2026;Feb-26;5048.813055;8890866.699;1760.981562;;;
IT and Communications;IT projects;2026;1/03/2026;Mar-26;4824.463939;8890866.699;1842.871418;;;
IT and Communications;IT projects;2026;1/04/2026;Apr-26;4932.639076;8890866.699;1802.456365;;;
IT and Communications;IT projects;2026;1/05/2026;May-26;4932.639076;8890866.699;1802.456365;;;
IT and Communications;IT projects;2026;1/06/2026;Jun-26;4932.639076;8890866.699;1802.456365;;;
IT and Communications;I/Co IT & Comms Recharges;2025;1/07/2025;Jul-25;5511.924758;43286711.71;7853.284217;;;
IT and Communications;I/Co IT & Comms Recharges;2025;1/08/2025;Aug-25;5429.910456;43286711.71;7971.901573;;;
IT and Communications;I/Co IT & Comms Recharges;2025;1/09/2025;Sep-25;5271.941977;43286711.71;8210.771647;;;
IT and Communications;I/Co IT & Comms Recharges;2025;1/10/2025;Oct-25;5072.249224;43286711.71;8534.026975;;;
IT and Communications;I/Co IT & Comms Recharges;2025;1/11/2025;Nov-25;4956.255189;43286711.71;8733.753622;;;
IT and Communications;I/Co IT & Comms Recharges;2025;1/12/2025;Dec-25;5081.087795;43286711.71;8519.182004;;;
IT and Communications;I/Co IT & Comms Recharges;2026;1/01/2026;Jan-26;5035.526334;45321280.4;9000.306502;;;
IT and Communications;I/Co IT & Comms Recharges;2026;1/02/2026;Feb-26;5048.813055;45321280.4;8976.620823;;;
IT and Communications;I/Co IT & Comms Recharges;2026;1/03/2026;Mar-26;4824.463939;45321280.4;9394.055168;;;
IT and Communications;I/Co IT & Comms Recharges;2026;1/04/2026;Apr-26;4932.639076;45321280.4;9188.039039;;;
IT and Communications;I/Co IT & Comms Recharges;2026;1/05/2026;May-26;4932.639076;45321280.4;9188.03904;;;
IT and Communications;I/Co IT & Comms Recharges;2026;1/06/2026;Jun-26;4932.639076;45321280.4;9188.03904;;;
Market Data;Market data;2025;1/07/2025;Jul-25;5511.924758;13731079.86;2491.158799;;;
Market Data;Market data;2025;1/08/2025;Aug-25;5429.910456;13731079.86;2528.78569;;;
Market Data;Market data;2025;1/09/2025;Sep-25;5271.941977;13731079.86;2604.55823;;;
Market Data;Market data;2025;1/10/2025;Oct-25;5072.249224;13731079.86;2707.098815;;;
Market Data;Market data;2025;1/11/2025;Nov-25;4956.255189;14427139.91;2910.895294;;;
Market Data;Market data;2025;1/12/2025;Dec-25;5081.087795;14427139.91;2839.380166;;;
Market Data;Market data;2026;1/01/2026;Jan-26;5035.526334;14475534.83;2874.681586;;;
Market Data;Market data;2026;1/02/2026;Feb-26;5048.813055;14475534.83;2867.116423;;;
Market Data;Market data;2026;1/03/2026;Mar-26;4824.463939;14475534.83;3000.444197;;;
Market Data;Market data;2026;1/04/2026;Apr-26;4932.639076;14475534.83;2934.643018;;;
Market Data;Market data;2026;1/05/2026;May-26;4932.639076;14475534.83;2934.643019;;;
Market Data;Market data;2026;1/06/2026;Jun-26;4932.639076;14475534.83;2934.643019;;;
Legal and Professional Fees;Legal fees;2025;1/07/2025;Jul-25;5511.924758;24392440.74;4425.394361;;;
Legal and Professional Fees;Legal fees;2025;1/08/2025;Aug-25;5429.910456;34246838.11;6307.072351;;;
Legal and Professional Fees;Legal fees;2025;1/09/2025;Sep-25;5271.941977;16960900.61;3217.201685;;;
Legal and Professional Fees;Legal fees;2025;1/10/2025;Oct-25;5072.249224;39658559.36;7818.732402;;;
Legal and Professional Fees;Legal fees;2025;1/11/2025;Nov-25;4956.255189;34246838.11;6909.821388;;;
Legal and Professional Fees;Legal fees;2025;1/12/2025;Dec-25;5081.087795;16960900.61;3338.045177;;;
Legal and Professional Fees;Legal fees;2026;1/01/2026;Jan-26;5035.526334;38229983.94;7592.053225;;;
Legal and Professional Fees;Legal fees;2026;1/02/2026;Feb-26;5048.813055;39700389.39;7863.311428;;;
Legal and Professional Fees;Legal fees;2026;1/03/2026;Mar-26;4824.463939;16960900.61;3515.603148;;;
Legal and Professional Fees;Legal fees;2026;1/04/2026;Apr-26;4932.639076;16960900.61;3438.504287;;;
Legal and Professional Fees;Legal fees;2026;1/05/2026;May-26;4932.639076;65820467.24;13343.86446;;;
Legal and Professional Fees;Legal fees;2026;1/06/2026;Jun-26;4932.639076;16960900.61;3438.504287;;;
Legal and Professional Fees;Professional fees;2025;1/07/2025;Jul-25;5511.924758;34387900.69;6238.81896;;;
Legal and Professional Fees;Professional fees;2025;1/08/2025;Aug-25;5429.910456;36112324.74;6650.629882;;;
Legal and Professional Fees;Professional fees;2025;1/09/2025;Sep-25;5271.941977;33640546.99;6381.054104;;;
Legal and Professional Fees;Professional fees;2025;1/10/2025;Oct-25;5072.249224;33474796.99;6599.596256;;;
Legal and Professional Fees;Professional fees;2025;1/11/2025;Nov-25;4956.255189;36112324.74;7286.211739;;;
Legal and Professional Fees;Professional fees;2025;1/12/2025;Dec-25;5081.087795;33640546.99;6620.737201;;;
Legal and Professional Fees;Professional fees;2026;1/01/2026;Jan-26;5035.526334;35474617.13;7044.867761;;;
Legal and Professional Fees;Professional fees;2026;1/02/2026;Feb-26;5048.813055;37690258.02;7465.172034;;;
Legal and Professional Fees;Professional fees;2026;1/03/2026;Mar-26;4824.463939;35047040.97;7264.442519;;;
Legal and Professional Fees;Professional fees;2026;1/04/2026;Apr-26;4932.639076;34881290.97;7071.527113;;;
Legal and Professional Fees;Professional fees;2026;1/05/2026;May-26;4932.639076;37690258.02;7640.992467;;;
Legal and Professional Fees;Professional fees;2026;1/06/2026;Jun-26;4932.639076;35047040.97;7105.129815;;;
Legal and Professional Fees;Regulatory fees - FCA;2025;1/07/2025;Jul-25;5511.924758;3576803.75;648.9210044;;;
Legal and Professional Fees;Regulatory fees - FCA;2025;1/08/2025;Aug-25;5429.910456;4917060.2;905.5508815;;;
Legal and Professional Fees;Regulatory fees - FCA;2025;1/09/2025;Sep-25;5271.941977;3600203.75;682.8989708;;;
Legal and Professional Fees;Regulatory fees - FCA;2025;1/10/2025;Oct-25;5072.249224;3576803.75;705.1711365;;;
Legal and Professional Fees;Regulatory fees - FCA;2025;1/11/2025;Nov-25;4956.255189;3576803.75;721.6746543;;;
Legal and Professional Fees;Regulatory fees - FCA;2025;1/12/2025;Dec-25;5081.087795;3600203.75;708.5498018;;;
Legal and Professional Fees;Regulatory fees - FCA;2026;1/01/2026;Jan-26;5035.526334;3739147.831;742.5535254;;;
Legal and Professional Fees;Regulatory fees - FCA;2026;1/02/2026;Feb-26;5048.813055;5139715.822;1018.00478;;;
Legal and Professional Fees;Regulatory fees - FCA;2026;1/03/2026;Mar-26;4824.463939;15626022.83;3238.9138;;;
Legal and Professional Fees;Regulatory fees - FCA;2026;1/04/2026;Apr-26;4932.639076;3762547.831;762.7859596;;;
Legal and Professional Fees;Regulatory fees - FCA;2026;1/05/2026;May-26;4932.639076;3739147.831;758.0420488;;;
Legal and Professional Fees;Regulatory fees - FCA;2026;1/06/2026;Jun-26;4932.639076;3762547.831;762.7859597;;;
Legal and Professional Fees;External Audit fees;2025;1/07/2025;Jul-25;5511.924758;13055965.14;2368.676227;;;
Legal and Professional Fees;External Audit fees;2025;1/08/2025;Aug-25;5429.910456;13055965.14;2404.45312;;;
Legal and Professional Fees;External Audit fees;2025;1/09/2025;Sep-25;5271.941977;13055965.14;2476.500158;;;
Legal and Professional Fees;External Audit fees;2025;1/10/2025;Oct-25;5072.249224;13055965.14;2573.999139;;;
Legal and Professional Fees;External Audit fees;2025;1/11/2025;Nov-25;4956.255189;13055965.14;2634.239893;;;
Legal and Professional Fees;External Audit fees;2025;1/12/2025;Dec-25;5081.087795;13055965.14;2569.521658;;;
Legal and Professional Fees;External Audit fees;2026;1/01/2026;Jan-26;5035.526334;13055965.14;2592.7707;;;
Legal and Professional Fees;External Audit fees;2026;1/02/2026;Feb-26;5048.813055;13055965.14;2585.947429;;;
Legal and Professional Fees;External Audit fees;2026;1/03/2026;Mar-26;4824.463939;13055965.14;2706.200171;;;
Legal and Professional Fees;External Audit fees;2026;1/04/2026;Apr-26;4932.639076;13055965.14;2646.851905;;;
Legal and Professional Fees;External Audit fees;2026;1/05/2026;May-26;4932.639076;13055965.14;2646.851906;;;
Legal and Professional Fees;External Audit fees;2026;1/06/2026;Jun-26;4932.639076;13708763.4;2779.194501;;;
Insurance;Insurance;2025;1/07/2025;Jul-25;5511.924758;13217710.63;2398.020874;;;
Insurance;Insurance;2025;1/08/2025;Aug-25;5429.910456;13549836.53;2495.406994;;;
Insurance;Insurance;2025;1/09/2025;Sep-25;5271.941977;13549836.53;2570.179374;;;
Insurance;Insurance;2025;1/10/2025;Oct-25;5072.249224;13549836.53;2671.366475;;;
Insurance;Insurance;2025;1/11/2025;Nov-25;4956.255189;13549836.53;2733.885971;;;
Insurance;Insurance;2025;1/12/2025;Dec-25;5081.087795;13549836.53;2666.719623;;;
Insurance;Insurance;2026;1/01/2026;Jan-26;5035.526334;13661800.62;2713.082946;;;
Insurance;Insurance;2026;1/02/2026;Feb-26;5048.813055;13661800.62;2705.943054;;;
Insurance;Insurance;2026;1/03/2026;Mar-26;4824.463939;13661800.62;2831.77588;;;
Insurance;Insurance;2026;1/04/2026;Apr-26;4932.639076;13968583.71;2831.868193;;;
Insurance;Insurance;2026;1/05/2026;May-26;4932.639076;13968583.71;2831.868194;;;
Insurance;Insurance;2026;1/06/2026;Jun-26;4932.639076;13968583.71;2831.868194;;;
Insurance;I/Co Insurance Recharges;2025;1/07/2025;Jul-25;5511.924758;1688888.825;306.4063642;;;
Insurance;I/Co Insurance Recharges;2025;1/08/2025;Aug-25;5429.910456;1688888.825;311.0343787;;;
Insurance;I/Co Insurance Recharges;2025;1/09/2025;Sep-25;5271.941977;1688888.825;320.3542134;;;
Insurance;I/Co Insurance Recharges;2025;1/10/2025;Oct-25;5072.249224;1688888.825;332.9664514;;;
Insurance;I/Co Insurance Recharges;2025;1/11/2025;Nov-25;4956.255189;1688888.825;340.7590531;;;
Insurance;I/Co Insurance Recharges;2025;1/12/2025;Dec-25;5081.087795;1688888.825;332.3872551;;;
Insurance;I/Co Insurance Recharges;2026;1/01/2026;Jan-26;5035.526334;1764888.822;350.4874576;;;
Insurance;I/Co Insurance Recharges;2026;1/02/2026;Feb-26;5048.813055;1764888.822;349.5650964;;;
Insurance;I/Co Insurance Recharges;2026;1/03/2026;Mar-26;4824.463939;1764888.822;365.8207097;;;
Insurance;I/Co Insurance Recharges;2026;1/04/2026;Apr-26;4932.639076;1764888.822;357.7980863;;;
Insurance;I/Co Insurance Recharges;2026;1/05/2026;May-26;4932.639076;1764888.822;357.7980864;;;
Insurance;I/Co Insurance Recharges;2026;1/06/2026;Jun-26;4932.639076;1764888.822;357.7980864;;;
Other Expenses;Bank charges;2025;1/07/2025;Jul-25;5511.924758;1847622.673;335.2046253;;;
Other Expenses;Bank charges;2025;1/08/2025;Aug-25;5429.910456;1847622.673;340.2676136;;;
Other Expenses;Bank charges;2025;1/09/2025;Sep-25;5271.941977;1847622.673;350.463393;;;
Other Expenses;Bank charges;2025;1/10/2025;Oct-25;5072.249224;1847622.673;364.2610194;;;
Other Expenses;Bank charges;2025;1/11/2025;Nov-25;4956.255189;1847622.673;372.7860255;;;
Other Expenses;Bank charges;2025;1/12/2025;Dec-25;5081.087795;1847622.673;363.627386;;;
Other Expenses;Bank charges;2026;1/01/2026;Jan-26;5035.526334;1847622.673;366.917488;;;
Other Expenses;Bank charges;2026;1/02/2026;Feb-26;5048.813055;1847622.673;365.9518887;;;
Other Expenses;Bank charges;2026;1/03/2026;Mar-26;4824.463939;1847622.673;382.9695271;;;
Other Expenses;Bank charges;2026;1/04/2026;Apr-26;4932.639076;1847622.673;374.5708219;;;
Other Expenses;Bank charges;2026;1/05/2026;May-26;4932.639076;1847622.673;374.5708219;;;
Other Expenses;Bank charges;2026;1/06/2026;Jun-26;4932.639076;1847622.673;374.5708219;;;
Depreciation;Depreciation - Furniture & Equipment;2025;1/07/2025;Jul-25;5511.924758;8155980.3;1479.697321;;;
Depreciation;Depreciation - Furniture & Equipment;2025;1/08/2025;Aug-25;5429.910456;8155980.3;1502.046924;;;
Depreciation;Depreciation - Furniture & Equipment;2025;1/09/2025;Sep-25;5271.941977;8155980.3;1547.054261;;;
Depreciation;Depreciation - Furniture & Equipment;2025;1/10/2025;Oct-25;5072.249224;8155980.3;1607.961269;;;
Depreciation;Depreciation - Furniture & Equipment;2025;1/11/2025;Nov-25;4956.255189;8155980.3;1645.593294;;;
Depreciation;Depreciation - Furniture & Equipment;2025;1/12/2025;Dec-25;5081.087795;8155980.3;1605.164215;;;
Depreciation;Depreciation - Furniture & Equipment;2026;1/01/2026;Jan-26;5035.526334;8522999.414;1692.573695;;;
Depreciation;Depreciation - Furniture & Equipment;2026;1/02/2026;Feb-26;5048.813055;8155980.3;1615.425291;;;
Depreciation;Depreciation - Furniture & Equipment;2026;1/03/2026;Mar-26;4824.463939;8155980.3;1690.546432;;;
Depreciation;Depreciation - Furniture & Equipment;2026;1/04/2026;Apr-26;4932.639076;8155980.3;1653.471939;;;
Depreciation;Depreciation - Furniture & Equipment;2026;1/05/2026;May-26;4932.639076;8155980.3;1653.47194;;;
Depreciation;Depreciation - Furniture & Equipment;2026;1/06/2026;Jun-26;4932.639076;8155980.3;1653.47194;;;
Interest / financing Income;Interest Income;2025;1/07/2025;Jul-25;5511.924758;-28166666.67;-5110.132649;;;
Interest / financing Income;Interest Income;2025;1/08/2025;Aug-25;5429.910456;-28166666.67;-5187.316972;;;
Interest / financing Income;Interest Income;2025;1/09/2025;Sep-25;5271.941977;-28166666.67;-5342.749748;;;
Interest / financing Income;Interest Income;2025;1/10/2025;Oct-25;5072.249224;-28166666.67;-5553.092015;;;
Interest / financing Income;Interest Income;2025;1/11/2025;Nov-25;4956.255189;-28166666.67;-5683.05416;;;
Interest / financing Income;Interest Income;2025;1/12/2025;Dec-25;5081.087795;-28166666.67;-5543.432391;;;
Interest / financing Income;Interest Income;2026;1/01/2026;Jan-26;5035.526334;-28166666.67;-5593.589389;;;
Interest / financing Income;Interest Income;2026;1/02/2026;Feb-26;5048.813055;-28166666.67;-5578.869006;;;
Interest / financing Income;Interest Income;2026;1/03/2026;Mar-26;4824.463939;-28166666.67;-5838.299762;;;
Interest / financing Income;Interest Income;2026;1/04/2026;Apr-26;4932.639076;-28166666.67;-5710.263052;;;
Interest / financing Income;Interest Income;2026;1/05/2026;May-26;4932.639076;-28166666.67;-5710.263052;;;
Interest / financing Income;Interest Income;2026;1/06/2026;Jun-26;4932.639076;-28166666.67;-5710.263052;;;
